{
    "_comment": "DO NOT EDIT: FILE GENERATED AUTOMATICALLY BY PTERODACTYL PANEL - PTERODACTYL.IO",
    "meta": {
        "version": "PTDL_v2",
        "update_url": null
    },
    "exported_at": "2024-05-07T12:55:56+00:00",
    "name": "Forge Minecraft",
    "author": "support@pterodactyl.io",
    "description": "Minecraft Forge Server. Minecraft Forge is a modding API (Application Programming Interface), which makes it easier to create mods, and also make sure mods are compatible with each other.",
    "features": [
        "eula",
        "java_version",
        "pid_limit"
    ],
    "docker_images": {
        "Java 21": "ghcr.io\/pterodactyl\/yolks:java_21",
        "Java 17": "ghcr.io\/pterodactyl\/yolks:java_17",
        "Java 16": "ghcr.io\/pterodactyl\/yolks:java_16",
        "Java 11": "ghcr.io\/pterodactyl\/yolks:java_11",
        "Java 8": "ghcr.io\/pterodactyl\/yolks:java_8"
    },
    "file_denylist": [],
    "startup": "java -Xms128M -XX:MaxRAMPercentage=95.0 -Dterminal.jline=false -Dterminal.ansi=true $( [[  ! -f unix_args.txt ]] && printf %s \"-jar {{SERVER_JARFILE}}\" || printf %s \"@unix_args.txt\" )",
    "config": {
        "files": "{\r\n    \"server.properties\": {\r\n        \"parser\": \"properties\",\r\n        \"find\": {\r\n            \"server-ip\": \"0.0.0.0\",\r\n            \"server-port\": \"{{server.build.default.port}}\",\r\n            \"query.port\": \"{{server.build.default.port}}\"\r\n        }\r\n    }\r\n}",
        "startup": "{\r\n    \"done\": \")! For help, type \"\r\n}",
        "logs": "{}",
        "stop": "stop"
    },
    "scripts": {
        "installation": {
            "script": "#!\/bin\/bash\r\n# Forge Installation Script\r\n#\r\n# Server Files: \/mnt\/server\r\napt update\r\napt install -y curl jq\r\n\r\nif [[ ! -d \/mnt\/server ]]; then\r\n  mkdir \/mnt\/server\r\nfi\r\n\r\ncd \/mnt\/server\r\n\r\n# Remove spaces from the version number to avoid issues with curl\r\nFORGE_VERSION=\"$(echo \"$FORGE_VERSION\" | tr -d ' ')\"\r\nMC_VERSION=\"$(echo \"$MC_VERSION\" | tr -d ' ')\"\r\n\r\nif [[ ! -z ${FORGE_VERSION} ]]; then\r\n  DOWNLOAD_LINK=https:\/\/maven.minecraftforge.net\/net\/minecraftforge\/forge\/${FORGE_VERSION}\/forge-${FORGE_VERSION}\r\n  FORGE_JAR=forge-${FORGE_VERSION}*.jar\r\nelse\r\n  JSON_DATA=$(curl -sSL https:\/\/files.minecraftforge.net\/maven\/net\/minecraftforge\/forge\/promotions_slim.json)\r\n\r\n  if [[ \"${MC_VERSION}\" == \"latest\" ]] || [[ \"${MC_VERSION}\" == \"\" ]]; then\r\n    echo -e \"getting latest version of forge.\"\r\n    MC_VERSION=$(echo -e ${JSON_DATA} | jq -r '.promos | del(.\"latest-1.7.10\") | del(.\"1.7.10-latest-1.7.10\") | to_entries[] | .key | select(contains(\"latest\")) | split(\"-\")[0]' | sort -t. -k 1,1n -k 2,2n -k 3,3n -k 4,4n | tail -1)\r\n    BUILD_TYPE=latest\r\n  fi\r\n\r\n  if [[ \"${BUILD_TYPE}\" != \"recommended\" ]] && [[ \"${BUILD_TYPE}\" != \"latest\" ]]; then\r\n    BUILD_TYPE=recommended\r\n  fi\r\n\r\n  echo -e \"minecraft version: ${MC_VERSION}\"\r\n  echo -e \"build type: ${BUILD_TYPE}\"\r\n\r\n  ## some variables for getting versions and things\r\n  FILE_SITE=https:\/\/maven.minecraftforge.net\/net\/minecraftforge\/forge\/\r\n  VERSION_KEY=$(echo -e ${JSON_DATA} | jq -r --arg MC_VERSION \"${MC_VERSION}\" --arg BUILD_TYPE \"${BUILD_TYPE}\" '.promos | del(.\"latest-1.7.10\") | del(.\"1.7.10-latest-1.7.10\") | to_entries[] | .key | select(contains($MC_VERSION)) | select(contains($BUILD_TYPE))')\r\n\r\n  ## locating the forge version\r\n  if [[ \"${VERSION_KEY}\" == \"\" ]] && [[ \"${BUILD_TYPE}\" == \"recommended\" ]]; then\r\n    echo -e \"dropping back to latest from recommended due to there not being a recommended version of forge for the mc version requested.\"\r\n    VERSION_KEY=$(echo -e ${JSON_DATA} | jq -r --arg MC_VERSION \"${MC_VERSION}\" '.promos | del(.\"latest-1.7.10\") | del(.\"1.7.10-latest-1.7.10\") | to_entries[] | .key | select(contains($MC_VERSION)) | select(contains(\"latest\"))')\r\n  fi\r\n\r\n  ## Error if the mc version set wasn't valid.\r\n  if [ \"${VERSION_KEY}\" == \"\" ] || [ \"${VERSION_KEY}\" == \"null\" ]; then\r\n    echo -e \"The install failed because there is no valid version of forge for the version of minecraft selected.\"\r\n    exit 1\r\n  fi\r\n\r\n  FORGE_VERSION=$(echo -e ${JSON_DATA} | jq -r --arg VERSION_KEY \"$VERSION_KEY\" '.promos | .[$VERSION_KEY]')\r\n\r\n  if [[ \"${MC_VERSION}\" == \"1.7.10\" ]] || [[ \"${MC_VERSION}\" == \"1.8.9\" ]]; then\r\n    DOWNLOAD_LINK=${FILE_SITE}${MC_VERSION}-${FORGE_VERSION}-${MC_VERSION}\/forge-${MC_VERSION}-${FORGE_VERSION}-${MC_VERSION}\r\n    FORGE_JAR=forge-${MC_VERSION}-${FORGE_VERSION}-${MC_VERSION}.jar\r\n    if [[ \"${MC_VERSION}\" == \"1.7.10\" ]]; then\r\n      FORGE_JAR=forge-${MC_VERSION}-${FORGE_VERSION}-${MC_VERSION}-universal.jar\r\n    fi\r\n  else\r\n    DOWNLOAD_LINK=${FILE_SITE}${MC_VERSION}-${FORGE_VERSION}\/forge-${MC_VERSION}-${FORGE_VERSION}\r\n    FORGE_JAR=forge-${MC_VERSION}-${FORGE_VERSION}.jar\r\n  fi\r\nfi\r\n\r\n#Adding .jar when not eding by SERVER_JARFILE\r\nif [[ ! $SERVER_JARFILE = *\\.jar ]]; then\r\n  SERVER_JARFILE=\"$SERVER_JARFILE.jar\"\r\nfi\r\n\r\n#Downloading jars\r\necho -e \"Downloading forge version ${FORGE_VERSION}\"\r\necho -e \"Download link is ${DOWNLOAD_LINK}\"\r\n\r\nif [[ ! -z \"${DOWNLOAD_LINK}\" ]]; then\r\n  if curl --output \/dev\/null --silent --head --fail ${DOWNLOAD_LINK}-installer.jar; then\r\n    echo -e \"installer jar download link is valid.\"\r\n  else\r\n    echo -e \"link is invalid. Exiting now\"\r\n    exit 2\r\n  fi\r\nelse\r\n  echo -e \"no download link provided. Exiting now\"\r\n  exit 3\r\nfi\r\n\r\ncurl -s -o installer.jar -sS ${DOWNLOAD_LINK}-installer.jar\r\n\r\n#Checking if downloaded jars exist\r\nif [[ ! -f .\/installer.jar ]]; then\r\n  echo \"!!! Error downloading forge version ${FORGE_VERSION} !!!\"\r\n  exit\r\nfi\r\n\r\nfunction  unix_args {\r\n  echo -e \"Detected Forge 1.17 or newer version. Setting up forge unix args.\"\r\n  ln -sf libraries\/net\/minecraftforge\/forge\/*\/unix_args.txt unix_args.txt\r\n}\r\n\r\n# Delete args to support downgrading\/upgrading\r\nrm -rf libraries\/net\/minecraftforge\/forge\r\nrm unix_args.txt\r\n\r\n#Installing server\r\necho -e \"Installing forge server.\\n\"\r\njava -jar installer.jar --installServer || { echo -e \"\\nInstall failed using Forge version ${FORGE_VERSION} and Minecraft version ${MINECRAFT_VERSION}.\\nShould you be using unlimited memory value of 0, make sure to increase the default install resource limits in the Wings config or specify exact allocated memory in the server Build Configuration instead of 0! \\nOtherwise, the Forge installer will not have enough memory.\"; exit 4; }\r\n\r\n# Check if we need a symlink for 1.17+ Forge JPMS args\r\nif [[ $MC_VERSION =~ ^1\\.(17|18|19|20|21|22|23) || $FORGE_VERSION =~ ^1\\.(17|18|19|20|21|22|23) ]]; then\r\n  unix_args\r\n\r\n# Check if someone has set MC to latest but overwrote it with older Forge version, otherwise we would have false positives\r\nelif [[ $MC_VERSION == \"latest\" && $FORGE_VERSION =~ ^1\\.(17|18|19|20|21|22|23) ]]; then\r\n  unix_args\r\nelse\r\n  # For versions below 1.17 that ship with jar\r\n  mv $FORGE_JAR $SERVER_JARFILE\r\nfi\r\n\r\necho -e \"Deleting installer.jar file.\\n\"\r\nrm -rf installer.jar\r\necho -e \"Installation process is completed\"",
            "container": "openjdk:8-jdk-slim",
            "entrypoint": "bash"
        }
    },
    "variables": [
        {
            "name": "Server Jar File",
            "description": "The name of the Jarfile to use when running Forge version below 1.17.",
            "env_variable": "SERVER_JARFILE",
            "default_value": "server.jar",
            "user_viewable": true,
            "user_editable": true,
            "rules": "required|regex:\/^([\\w\\d._-]+)(\\.jar)$\/",
            "field_type": "text"
        },
        {
            "name": "Minecraft Version",
            "description": "The version of minecraft you want to install for.\r\n\r\nLeaving latest will install the latest recommended version.",
            "env_variable": "MC_VERSION",
            "default_value": "latest",
            "user_viewable": true,
            "user_editable": true,
            "rules": "required|string|max:9",
            "field_type": "text"
        },
        {
            "name": "Build Type",
            "description": "The type of server jar to download from forge.\r\n\r\nValid types are \"recommended\" and \"latest\".",
            "env_variable": "BUILD_TYPE",
            "default_value": "recommended",
            "user_viewable": true,
            "user_editable": true,
            "rules": "required|string|in:recommended,latest",
            "field_type": "text"
        },
        {
            "name": "Forge Version",
            "description": "The full exact version.\r\n\r\nEx. 1.15.2-31.2.4\r\n\r\nOverrides MC_VERSION and BUILD_TYPE. If it fails to download the server files it will fail to install.",
            "env_variable": "FORGE_VERSION",
            "default_value": "",
            "user_viewable": true,
            "user_editable": true,
            "rules": "nullable|regex:\/^[0-9\\.\\-]+$\/",
            "field_type": "text"
        }
    ]
}