{
    "_comment": "DO NOT EDIT: FILE GENERATED AUTOMATICALLY BY PTERODACTYL PANEL - PTERODACTYL.IO",
    "meta": {
        "version": "PTDL_v2",
        "update_url": null
    },
    "exported_at": "2024-05-07T12:55:58+00:00",
    "name": "Vanilla Minecraft",
    "author": "support@pterodactyl.io",
    "description": "Minecraft is a game about placing blocks and going on adventures. Explore randomly generated worlds and build amazing things from the simplest of homes to the grandest of castles. Play in Creative Mode with unlimited resources or mine deep in Survival Mode, crafting weapons and armor to fend off dangerous mobs. Do all this alone or with friends.",
    "features": [
        "eula",
        "java_version",
        "pid_limit"
    ],
    "docker_images": {
        "Java 21": "ghcr.io\/pterodactyl\/yolks:java_21",
        "Java 17": "ghcr.io\/pterodactyl\/yolks:java_17",
        "Java 16": "ghcr.io\/pterodactyl\/yolks:java_16",
        "Java 11": "ghcr.io\/pterodactyl\/yolks:java_11",
        "Java 8": "ghcr.io\/pterodactyl\/yolks:java_8"
    },
    "file_denylist": [],
    "startup": "java -Xms128M -XX:MaxRAMPercentage=95.0 -jar {{SERVER_JARFILE}}",
    "config": {
        "files": "{\r\n    \"server.properties\": {\r\n        \"parser\": \"properties\",\r\n        \"find\": {\r\n            \"server-ip\": \"0.0.0.0\",\r\n            \"server-port\": \"{{server.build.default.port}}\",\r\n            \"query.port\": \"{{server.build.default.port}}\"\r\n        }\r\n    }\r\n}",
        "startup": "{\r\n    \"done\": \")! For help, type \"\r\n}",
        "logs": "{}",
        "stop": "stop"
    },
    "scripts": {
        "installation": {
            "script": "#!\/bin\/ash\r\n# Vanilla MC Installation Script\r\n#\r\n# Server Files: \/mnt\/server\r\nmkdir -p \/mnt\/server\r\ncd \/mnt\/server\r\n\r\nLATEST_VERSION=`curl https:\/\/launchermeta.mojang.com\/mc\/game\/version_manifest.json | jq -r '.latest.release'`\r\nLATEST_SNAPSHOT_VERSION=`curl https:\/\/launchermeta.mojang.com\/mc\/game\/version_manifest.json | jq -r '.latest.snapshot'`\r\n\r\necho -e \"latest version is $LATEST_VERSION\"\r\necho -e \"latest snapshot is $LATEST_SNAPSHOT_VERSION\"\r\n\r\nif [ -z \"$VANILLA_VERSION\" ] || [ \"$VANILLA_VERSION\" == \"latest\" ]; then\r\n  MANIFEST_URL=$(curl -sSL https:\/\/launchermeta.mojang.com\/mc\/game\/version_manifest.json | jq --arg VERSION $LATEST_VERSION -r '.versions | .[] | select(.id== $VERSION )|.url')\r\nelif [ \"$VANILLA_VERSION\" == \"snapshot\" ]; then\r\n  MANIFEST_URL=$(curl -sSL https:\/\/launchermeta.mojang.com\/mc\/game\/version_manifest.json | jq --arg VERSION $LATEST_SNAPSHOT_VERSION -r '.versions | .[] | select(.id== $VERSION )|.url')\r\nelse\r\n  MANIFEST_URL=$(curl -sSL https:\/\/launchermeta.mojang.com\/mc\/game\/version_manifest.json | jq --arg VERSION $VANILLA_VERSION -r '.versions | .[] | select(.id== $VERSION )|.url')\r\nfi\r\n\r\nDOWNLOAD_URL=$(curl ${MANIFEST_URL} | jq .downloads.server | jq -r '. | .url')\r\n\r\necho -e \"running: curl -o ${SERVER_JARFILE} $DOWNLOAD_URL\"\r\ncurl -o ${SERVER_JARFILE} $DOWNLOAD_URL\r\n\r\necho -e \"Install Complete\"",
            "container": "ghcr.io\/pterodactyl\/installers:alpine",
            "entrypoint": "ash"
        }
    },
    "variables": [
        {
            "name": "Server Jar File",
            "description": "The name of the server jarfile to run the server with.",
            "env_variable": "SERVER_JARFILE",
            "default_value": "server.jar",
            "user_viewable": true,
            "user_editable": true,
            "rules": "required|regex:\/^([\\w\\d._-]+)(\\.jar)$\/",
            "field_type": "text"
        },
        {
            "name": "Server Version",
            "description": "The version of Minecraft Vanilla to install. Use \"latest\" to install the latest version, or use \"snapshot\" to install the latest snapshot. Go to Settings > Reinstall Server to apply.",
            "env_variable": "VANILLA_VERSION",
            "default_value": "latest",
            "user_viewable": true,
            "user_editable": true,
            "rules": "required|string|between:3,15",
            "field_type": "text"
        }
    ]
}